{"name":"Vazirmatn-Bold","type":"TTF","desc":{"CapHeight":800,"XHeight":528,"FontBBox":"[-509 -569 1504 1056]","Flags":262148,"Ascent":1025,"Descent":-537,"Leading":0,"ItalicAngle":0,"StemV":165,"MissingWidth":443},"unitsPerEm":2048,"up":-356,"ut":49,"strp":259,"strs":50,"ttffile":"\/Applications\/XAMPP\/xamppfiles\/htdocs\/hosting-crm\/storage\/fonts\/Vazir-Bold.ttf","TTCfontID":0,"originalsize":123036,"sip":false,"smp":false,"BMPselected":false,"fontkey":"vazirB","panose":" 0 0 0 0 0 0 0 0 0 0 0 0","haskerninfo":false,"haskernGPOS":true,"hassmallcapsGSUB":true,"fontmetrics":"win","useOTL":255,"rtlPUAstr":"\\x{0E059}\\x{0E05A}\\x{0E067}\\x{0E0D3}\\x{0E109}-\\x{0E167}\\x{0E169}-\\x{0E182}\\x{0E1DB}-\\x{0E1FF}","GSUBScriptLang":{"DFLT":"DFLT ","arab":"DFLT URD  ","cyrl":"DFLT ","grek":"DFLT ","latn":"DFLT AZE  CRT  FRA  MOL  NAV  ROM  TRK  "},"GSUBFeatures":{"DFLT":{"DFLT":{"c2sc":[0],"smcp":[1],"unic":[2],"ccmp":[4,5,26],"dlig":[12],"salt":[13],"onum":[14],"lnum":[15],"frac":[16,17,19],"dnom":[20],"numr":[21],"fina":[22],"medi":[23],"init":[24],"rlig":[25],"calt":[28],"liga":[32,33],"ss01":[35],"tnum":[36]}},"arab":{"DFLT":{"fina":[22],"medi":[23],"init":[24],"rlig":[25],"ccmp":[26],"calt":[28],"liga":[32,33],"ss01":[35],"tnum":[36]},"URD ":{"fina":[22],"medi":[23],"init":[24],"rlig":[25],"ccmp":[26],"calt":[28],"liga":[32,33],"locl":[34],"ss01":[35],"tnum":[36]}},"cyrl":{"DFLT":{"c2sc":[0],"smcp":[1],"unic":[2],"ccmp":[4,5],"dlig":[12],"salt":[13],"onum":[14],"lnum":[15],"frac":[16,17,19],"dnom":[20],"numr":[21]}},"grek":{"DFLT":{"c2sc":[0],"smcp":[1],"unic":[2],"ccmp":[4,5],"dlig":[12],"salt":[13],"onum":[14],"lnum":[15],"frac":[16,17,19],"dnom":[20],"numr":[21]}},"latn":{"DFLT":{"c2sc":[0],"smcp":[1],"unic":[2],"ccmp":[4,5],"liga":[10,11],"dlig":[12],"salt":[13],"onum":[14],"lnum":[15],"frac":[16,17,19],"dnom":[20],"numr":[21],"ss01":[35],"tnum":[36]},"AZE ":{"c2sc":[0],"smcp":[1],"unic":[2],"ccmp":[4,5],"liga":[11],"dlig":[12],"salt":[13],"onum":[14],"lnum":[15],"frac":[16,17,19],"dnom":[20],"numr":[21]},"CRT ":{"c2sc":[0],"smcp":[1],"unic":[2],"ccmp":[4,5],"liga":[11],"dlig":[12],"salt":[13],"onum":[14],"lnum":[15],"frac":[16,17,19],"dnom":[20],"numr":[21]},"FRA ":{"c2sc":[0],"smcp":[1],"unic":[2],"ccmp":[4,5],"locl":[9],"liga":[10,11],"dlig":[12],"salt":[13],"onum":[14],"lnum":[15],"frac":[16,17,19],"dnom":[20],"numr":[21]},"MOL ":{"c2sc":[0],"smcp":[1],"unic":[2],"ccmp":[4,5],"locl":[6],"liga":[10,11],"dlig":[12],"salt":[13],"onum":[14],"lnum":[15],"frac":[16,17,19],"dnom":[20],"numr":[21]},"NAV ":{"c2sc":[0],"smcp":[1],"unic":[2],"ccmp":[4,5],"locl":[8],"liga":[10,11],"dlig":[12],"salt":[13],"onum":[14],"lnum":[15],"frac":[16,17,19],"dnom":[20],"numr":[21]},"ROM ":{"c2sc":[0],"smcp":[1],"unic":[2],"ccmp":[4,5],"locl":[7],"liga":[10,11],"dlig":[12],"salt":[13],"onum":[14],"lnum":[15],"frac":[16,17,19],"dnom":[20],"numr":[21]},"TRK ":{"c2sc":[0],"smcp":[1],"unic":[2],"ccmp":[4,5],"liga":[11],"dlig":[12],"salt":[13],"onum":[14],"lnum":[15],"frac":[16,17,19],"dnom":[20],"numr":[21]}}},"GSUBLookups":[{"Type":1,"Flag":0,"SubtableCount":1,"Subtables":[116648],"MarkFilteringSet":""},{"Type":1,"Flag":0,"SubtableCount":1,"Subtables":[117262],"MarkFilteringSet":""},{"Type":1,"Flag":0,"SubtableCount":1,"Subtables":[117804],"MarkFilteringSet":""},{"Type":1,"Flag":0,"SubtableCount":1,"Subtables":[118466],"MarkFilteringSet":""},{"Type":6,"Flag":0,"SubtableCount":1,"Subtables":[118488],"MarkFilteringSet":""},{"Type":4,"Flag":0,"SubtableCount":1,"Subtables":[118614],"MarkFilteringSet":""},{"Type":1,"Flag":0,"SubtableCount":1,"Subtables":[120186],"MarkFilteringSet":""},{"Type":1,"Flag":0,"SubtableCount":1,"Subtables":[120186],"MarkFilteringSet":""},{"Type":1,"Flag":0,"SubtableCount":1,"Subtables":[120212],"MarkFilteringSet":""},{"Type":1,"Flag":0,"SubtableCount":1,"Subtables":[120242],"MarkFilteringSet":""},{"Type":4,"Flag":0,"SubtableCount":1,"Subtables":[120262],"MarkFilteringSet":""},{"Type":4,"Flag":0,"SubtableCount":1,"Subtables":[120298],"MarkFilteringSet":""},{"Type":4,"Flag":0,"SubtableCount":1,"Subtables":[120340],"MarkFilteringSet":""},{"Type":1,"Flag":0,"SubtableCount":1,"Subtables":[120400],"MarkFilteringSet":""},{"Type":1,"Flag":0,"SubtableCount":1,"Subtables":[120422],"MarkFilteringSet":""},{"Type":1,"Flag":0,"SubtableCount":1,"Subtables":[120488],"MarkFilteringSet":""},{"Type":1,"Flag":0,"SubtableCount":1,"Subtables":[120554],"MarkFilteringSet":""},{"Type":6,"Flag":0,"SubtableCount":1,"Subtables":[120574],"MarkFilteringSet":""},{"Type":1,"Flag":0,"SubtableCount":1,"Subtables":[120626],"MarkFilteringSet":""},{"Type":1,"Flag":0,"SubtableCount":1,"Subtables":[120660],"MarkFilteringSet":""},{"Type":1,"Flag":0,"SubtableCount":1,"Subtables":[120626],"MarkFilteringSet":""},{"Type":1,"Flag":0,"SubtableCount":1,"Subtables":[120660],"MarkFilteringSet":""},{"Type":1,"Flag":9,"SubtableCount":1,"Subtables":[120718],"MarkFilteringSet":""},{"Type":1,"Flag":9,"SubtableCount":1,"Subtables":[121084],"MarkFilteringSet":""},{"Type":1,"Flag":9,"SubtableCount":1,"Subtables":[121208],"MarkFilteringSet":""},{"Type":4,"Flag":9,"SubtableCount":1,"Subtables":[121446],"MarkFilteringSet":""},{"Type":4,"Flag":1,"SubtableCount":1,"Subtables":[121520],"MarkFilteringSet":""},{"Type":1,"Flag":9,"SubtableCount":1,"Subtables":[121714],"MarkFilteringSet":""},{"Type":6,"Flag":9,"SubtableCount":7,"Subtables":[121824,121852,121910,122040,122156,122234,122284],"MarkFilteringSet":""},{"Type":1,"Flag":9,"SubtableCount":1,"Subtables":[122322],"MarkFilteringSet":""},{"Type":1,"Flag":9,"SubtableCount":1,"Subtables":[122370],"MarkFilteringSet":""},{"Type":1,"Flag":9,"SubtableCount":1,"Subtables":[122408],"MarkFilteringSet":""},{"Type":4,"Flag":9,"SubtableCount":1,"Subtables":[122474],"MarkFilteringSet":""},{"Type":4,"Flag":1,"SubtableCount":1,"Subtables":[122568],"MarkFilteringSet":""},{"Type":1,"Flag":0,"SubtableCount":1,"Subtables":[122808],"MarkFilteringSet":""},{"Type":1,"Flag":0,"SubtableCount":1,"Subtables":[122838],"MarkFilteringSet":""},{"Type":1,"Flag":0,"SubtableCount":1,"Subtables":[122936],"MarkFilteringSet":""}],"GPOSScriptLang":{"DFLT":"DFLT ","arab":"DFLT ","cyrl":"DFLT ","grek":"DFLT ","latn":"DFLT "},"GPOSFeatures":{"DFLT":{"DFLT":{"cpsp":[0],"kern":[1,10],"mark":[2,12,13,14,15],"mkmk":[3,4,16,17]}},"arab":{"DFLT":{"kern":[10],"mark":[12,13,14,15],"mkmk":[16,17]}},"cyrl":{"DFLT":{"cpsp":[0],"kern":[1],"mark":[2],"mkmk":[3,4]}},"grek":{"DFLT":{"cpsp":[0],"kern":[1],"mark":[2],"mkmk":[3,4]}},"latn":{"DFLT":{"cpsp":[0],"kern":[1],"mark":[2],"mkmk":[3,4]}}},"GPOSLookups":[{"Type":1,"Flag":0,"SubtableCount":1,"Subtables":[94424],"MarkFilteringSet":""},{"Type":2,"Flag":8,"SubtableCount":2,"Subtables":[94746,97588],"MarkFilteringSet":""},{"Type":4,"Flag":0,"SubtableCount":1,"Subtables":[103492],"MarkFilteringSet":""},{"Type":6,"Flag":16,"SubtableCount":1,"Subtables":[107184],"MarkFilteringSet":0},{"Type":6,"Flag":16,"SubtableCount":1,"Subtables":[107224],"MarkFilteringSet":2},{"Type":1,"Flag":0,"SubtableCount":3,"Subtables":[107344,107398,107428],"MarkFilteringSet":""},{"Type":1,"Flag":0,"SubtableCount":4,"Subtables":[107472,107556,107630,107710],"MarkFilteringSet":""},{"Type":1,"Flag":0,"SubtableCount":4,"Subtables":[107734,107826,107886,107966],"MarkFilteringSet":""},{"Type":1,"Flag":9,"SubtableCount":1,"Subtables":[108006],"MarkFilteringSet":""},{"Type":1,"Flag":9,"SubtableCount":1,"Subtables":[108030],"MarkFilteringSet":""},{"Type":8,"Flag":9,"SubtableCount":8,"Subtables":[108050,108154,108366,108596,108650,108702,108734,108768],"MarkFilteringSet":""},{"Type":1,"Flag":9,"SubtableCount":2,"Subtables":[108822,108848],"MarkFilteringSet":""},{"Type":4,"Flag":1,"SubtableCount":1,"Subtables":[108876],"MarkFilteringSet":""},{"Type":5,"Flag":1,"SubtableCount":1,"Subtables":[111292],"MarkFilteringSet":""},{"Type":4,"Flag":1,"SubtableCount":1,"Subtables":[111762],"MarkFilteringSet":""},{"Type":5,"Flag":1,"SubtableCount":1,"Subtables":[114910],"MarkFilteringSet":""},{"Type":6,"Flag":1,"SubtableCount":1,"Subtables":[115156],"MarkFilteringSet":""},{"Type":6,"Flag":1,"SubtableCount":1,"Subtables":[115686],"MarkFilteringSet":""}],"kerninfo":[]}