{"name":"Vazirmatn-Regular","type":"TTF","desc":{"CapHeight":800,"XHeight":528,"FontBBox":"[-481 -558 1422 1056]","Flags":4,"Ascent":1025,"Descent":-537,"Leading":0,"ItalicAngle":0,"StemV":87,"MissingWidth":443},"unitsPerEm":2048,"up":-356,"ut":49,"strp":259,"strs":50,"ttffile":"\/Applications\/XAMPP\/xamppfiles\/htdocs\/hosting-crm\/storage\/fonts\/Vazir.ttf","TTCfontID":0,"originalsize":122752,"sip":false,"smp":false,"BMPselected":false,"fontkey":"vazir","panose":" 0 0 0 0 0 0 0 0 0 0 0 0","haskerninfo":false,"haskernGPOS":true,"hassmallcapsGSUB":true,"fontmetrics":"win","useOTL":255,"rtlPUAstr":"\\x{0E059}\\x{0E05A}\\x{0E067}\\x{0E0D3}\\x{0E109}-\\x{0E167}\\x{0E169}-\\x{0E182}\\x{0E1DB}-\\x{0E1FF}","GSUBScriptLang":{"DFLT":"DFLT ","arab":"DFLT URD  ","cyrl":"DFLT ","grek":"DFLT ","latn":"DFLT AZE  CRT  FRA  MOL  NAV  ROM  TRK  "},"GSUBFeatures":{"DFLT":{"DFLT":{"c2sc":[0],"smcp":[1],"unic":[2],"ccmp":[4,5,26],"dlig":[12],"salt":[13],"onum":[14],"lnum":[15],"frac":[16,17,19],"dnom":[20],"numr":[21],"fina":[22],"medi":[23],"init":[24],"rlig":[25],"calt":[28],"liga":[32,33],"ss01":[35],"tnum":[36]}},"arab":{"DFLT":{"fina":[22],"medi":[23],"init":[24],"rlig":[25],"ccmp":[26],"calt":[28],"liga":[32,33],"ss01":[35],"tnum":[36]},"URD ":{"fina":[22],"medi":[23],"init":[24],"rlig":[25],"ccmp":[26],"calt":[28],"liga":[32,33],"locl":[34],"ss01":[35],"tnum":[36]}},"cyrl":{"DFLT":{"c2sc":[0],"smcp":[1],"unic":[2],"ccmp":[4,5],"dlig":[12],"salt":[13],"onum":[14],"lnum":[15],"frac":[16,17,19],"dnom":[20],"numr":[21]}},"grek":{"DFLT":{"c2sc":[0],"smcp":[1],"unic":[2],"ccmp":[4,5],"dlig":[12],"salt":[13],"onum":[14],"lnum":[15],"frac":[16,17,19],"dnom":[20],"numr":[21]}},"latn":{"DFLT":{"c2sc":[0],"smcp":[1],"unic":[2],"ccmp":[4,5],"liga":[10,11],"dlig":[12],"salt":[13],"onum":[14],"lnum":[15],"frac":[16,17,19],"dnom":[20],"numr":[21],"ss01":[35],"tnum":[36]},"AZE ":{"c2sc":[0],"smcp":[1],"unic":[2],"ccmp":[4,5],"liga":[11],"dlig":[12],"salt":[13],"onum":[14],"lnum":[15],"frac":[16,17,19],"dnom":[20],"numr":[21]},"CRT ":{"c2sc":[0],"smcp":[1],"unic":[2],"ccmp":[4,5],"liga":[11],"dlig":[12],"salt":[13],"onum":[14],"lnum":[15],"frac":[16,17,19],"dnom":[20],"numr":[21]},"FRA ":{"c2sc":[0],"smcp":[1],"unic":[2],"ccmp":[4,5],"locl":[9],"liga":[10,11],"dlig":[12],"salt":[13],"onum":[14],"lnum":[15],"frac":[16,17,19],"dnom":[20],"numr":[21]},"MOL ":{"c2sc":[0],"smcp":[1],"unic":[2],"ccmp":[4,5],"locl":[6],"liga":[10,11],"dlig":[12],"salt":[13],"onum":[14],"lnum":[15],"frac":[16,17,19],"dnom":[20],"numr":[21]},"NAV ":{"c2sc":[0],"smcp":[1],"unic":[2],"ccmp":[4,5],"locl":[8],"liga":[10,11],"dlig":[12],"salt":[13],"onum":[14],"lnum":[15],"frac":[16,17,19],"dnom":[20],"numr":[21]},"ROM ":{"c2sc":[0],"smcp":[1],"unic":[2],"ccmp":[4,5],"locl":[7],"liga":[10,11],"dlig":[12],"salt":[13],"onum":[14],"lnum":[15],"frac":[16,17,19],"dnom":[20],"numr":[21]},"TRK ":{"c2sc":[0],"smcp":[1],"unic":[2],"ccmp":[4,5],"liga":[11],"dlig":[12],"salt":[13],"onum":[14],"lnum":[15],"frac":[16,17,19],"dnom":[20],"numr":[21]}}},"GSUBLookups":[{"Type":1,"Flag":0,"SubtableCount":1,"Subtables":[116364],"MarkFilteringSet":""},{"Type":1,"Flag":0,"SubtableCount":1,"Subtables":[116978],"MarkFilteringSet":""},{"Type":1,"Flag":0,"SubtableCount":1,"Subtables":[117520],"MarkFilteringSet":""},{"Type":1,"Flag":0,"SubtableCount":1,"Subtables":[118182],"MarkFilteringSet":""},{"Type":6,"Flag":0,"SubtableCount":1,"Subtables":[118204],"MarkFilteringSet":""},{"Type":4,"Flag":0,"SubtableCount":1,"Subtables":[118330],"MarkFilteringSet":""},{"Type":1,"Flag":0,"SubtableCount":1,"Subtables":[119902],"MarkFilteringSet":""},{"Type":1,"Flag":0,"SubtableCount":1,"Subtables":[119902],"MarkFilteringSet":""},{"Type":1,"Flag":0,"SubtableCount":1,"Subtables":[119928],"MarkFilteringSet":""},{"Type":1,"Flag":0,"SubtableCount":1,"Subtables":[119958],"MarkFilteringSet":""},{"Type":4,"Flag":0,"SubtableCount":1,"Subtables":[119978],"MarkFilteringSet":""},{"Type":4,"Flag":0,"SubtableCount":1,"Subtables":[120014],"MarkFilteringSet":""},{"Type":4,"Flag":0,"SubtableCount":1,"Subtables":[120056],"MarkFilteringSet":""},{"Type":1,"Flag":0,"SubtableCount":1,"Subtables":[120116],"MarkFilteringSet":""},{"Type":1,"Flag":0,"SubtableCount":1,"Subtables":[120138],"MarkFilteringSet":""},{"Type":1,"Flag":0,"SubtableCount":1,"Subtables":[120204],"MarkFilteringSet":""},{"Type":1,"Flag":0,"SubtableCount":1,"Subtables":[120270],"MarkFilteringSet":""},{"Type":6,"Flag":0,"SubtableCount":1,"Subtables":[120290],"MarkFilteringSet":""},{"Type":1,"Flag":0,"SubtableCount":1,"Subtables":[120342],"MarkFilteringSet":""},{"Type":1,"Flag":0,"SubtableCount":1,"Subtables":[120376],"MarkFilteringSet":""},{"Type":1,"Flag":0,"SubtableCount":1,"Subtables":[120342],"MarkFilteringSet":""},{"Type":1,"Flag":0,"SubtableCount":1,"Subtables":[120376],"MarkFilteringSet":""},{"Type":1,"Flag":9,"SubtableCount":1,"Subtables":[120434],"MarkFilteringSet":""},{"Type":1,"Flag":9,"SubtableCount":1,"Subtables":[120800],"MarkFilteringSet":""},{"Type":1,"Flag":9,"SubtableCount":1,"Subtables":[120924],"MarkFilteringSet":""},{"Type":4,"Flag":9,"SubtableCount":1,"Subtables":[121162],"MarkFilteringSet":""},{"Type":4,"Flag":1,"SubtableCount":1,"Subtables":[121236],"MarkFilteringSet":""},{"Type":1,"Flag":9,"SubtableCount":1,"Subtables":[121430],"MarkFilteringSet":""},{"Type":6,"Flag":9,"SubtableCount":7,"Subtables":[121540,121568,121626,121756,121872,121950,122000],"MarkFilteringSet":""},{"Type":1,"Flag":9,"SubtableCount":1,"Subtables":[122038],"MarkFilteringSet":""},{"Type":1,"Flag":9,"SubtableCount":1,"Subtables":[122086],"MarkFilteringSet":""},{"Type":1,"Flag":9,"SubtableCount":1,"Subtables":[122124],"MarkFilteringSet":""},{"Type":4,"Flag":9,"SubtableCount":1,"Subtables":[122190],"MarkFilteringSet":""},{"Type":4,"Flag":1,"SubtableCount":1,"Subtables":[122284],"MarkFilteringSet":""},{"Type":1,"Flag":0,"SubtableCount":1,"Subtables":[122524],"MarkFilteringSet":""},{"Type":1,"Flag":0,"SubtableCount":1,"Subtables":[122554],"MarkFilteringSet":""},{"Type":1,"Flag":0,"SubtableCount":1,"Subtables":[122652],"MarkFilteringSet":""}],"GPOSScriptLang":{"DFLT":"DFLT ","arab":"DFLT ","cyrl":"DFLT ","grek":"DFLT ","latn":"DFLT "},"GPOSFeatures":{"DFLT":{"DFLT":{"cpsp":[0],"kern":[1,10],"mark":[2,12,13,14,15],"mkmk":[3,4,16,17]}},"arab":{"DFLT":{"kern":[10],"mark":[12,13,14,15],"mkmk":[16,17]}},"cyrl":{"DFLT":{"cpsp":[0],"kern":[1],"mark":[2],"mkmk":[3,4]}},"grek":{"DFLT":{"cpsp":[0],"kern":[1],"mark":[2],"mkmk":[3,4]}},"latn":{"DFLT":{"cpsp":[0],"kern":[1],"mark":[2],"mkmk":[3,4]}}},"GPOSLookups":[{"Type":1,"Flag":0,"SubtableCount":1,"Subtables":[94164],"MarkFilteringSet":""},{"Type":2,"Flag":8,"SubtableCount":2,"Subtables":[94486,97328],"MarkFilteringSet":""},{"Type":4,"Flag":0,"SubtableCount":1,"Subtables":[103232],"MarkFilteringSet":""},{"Type":6,"Flag":16,"SubtableCount":1,"Subtables":[106924],"MarkFilteringSet":0},{"Type":6,"Flag":16,"SubtableCount":1,"Subtables":[106964],"MarkFilteringSet":2},{"Type":1,"Flag":0,"SubtableCount":3,"Subtables":[107084,107138,107168],"MarkFilteringSet":""},{"Type":1,"Flag":0,"SubtableCount":4,"Subtables":[107212,107296,107370,107450],"MarkFilteringSet":""},{"Type":1,"Flag":0,"SubtableCount":4,"Subtables":[107474,107566,107626,107706],"MarkFilteringSet":""},{"Type":1,"Flag":9,"SubtableCount":1,"Subtables":[107746],"MarkFilteringSet":""},{"Type":1,"Flag":9,"SubtableCount":1,"Subtables":[107770],"MarkFilteringSet":""},{"Type":8,"Flag":9,"SubtableCount":8,"Subtables":[107790,107894,108106,108336,108390,108442,108474,108508],"MarkFilteringSet":""},{"Type":1,"Flag":9,"SubtableCount":2,"Subtables":[108562,108588],"MarkFilteringSet":""},{"Type":4,"Flag":1,"SubtableCount":1,"Subtables":[108616],"MarkFilteringSet":""},{"Type":5,"Flag":1,"SubtableCount":1,"Subtables":[111050],"MarkFilteringSet":""},{"Type":4,"Flag":1,"SubtableCount":1,"Subtables":[111514],"MarkFilteringSet":""},{"Type":5,"Flag":1,"SubtableCount":1,"Subtables":[114692],"MarkFilteringSet":""},{"Type":6,"Flag":1,"SubtableCount":1,"Subtables":[114872],"MarkFilteringSet":""},{"Type":6,"Flag":1,"SubtableCount":1,"Subtables":[115402],"MarkFilteringSet":""}],"kerninfo":[]}