{"rtlSUB":{"00622":{"1":"0FE82"},"00623":{"1":"0FE84"},"00624":{"1":"0FE86"},"00625":{"1":"0FE88"},"00626":{"1":"0FE8A","3":"0FE8C","2":"0FE8B"},"00627":{"1":"0FE8E"},"00628":{"1":"0FE90","3":"0FE92","2":"0FE91"},"00629":{"1":"0FE94"},"0062A":{"1":"0FE96","3":"0FE98","2":"0FE97"},"0062B":{"1":"0FE9A","3":"0FE9C","2":"0FE9B"},"0062C":{"1":"0FE9E","3":"0FEA0","2":"0FE9F"},"0062D":{"1":"0FEA2","3":"0FEA4","2":"0FEA3"},"0062E":{"1":"0FEA6","3":"0FEA8","2":"0FEA7"},"0062F":{"1":"0FEAA"},"00630":{"1":"0FEAC"},"00631":{"1":"0FEAE"},"00632":{"1":"0FEB0"},"00633":{"1":"0FEB2","3":"0FEB4","2":"0FEB3"},"00634":{"1":"0FEB6","3":"0FEB8","2":"0FEB7"},"00635":{"1":"0FEBA","3":"0FEBC","2":"0FEBB"},"00636":{"1":"0FEBE","3":"0FEC0","2":"0FEBF"},"00637":{"1":"0FEC2","3":"0FEC4","2":"0FEC3"},"00638":{"1":"0FEC6","3":"0FEC8","2":"0FEC7"},"00639":{"1":"0FECA","3":"0FECC","2":"0FECB"},"0063A":{"1":"0FECE","3":"0FED0","2":"0FECF"},"0063D":{"1":"0E109","3":"0E10F","2":"0E10A"},"00641":{"1":"0FED2","3":"0FED4","2":"0FED3"},"00642":{"1":"0FED6","3":"0FED8","2":"0FED7"},"00643":{"1":"0FEDA","3":"0FEDC","2":"0FEDB"},"00644":{"1":"0FEDE","3":"0FEE0","2":"0FEDF"},"00645":{"1":"0FEE2","3":"0FEE4","2":"0FEE3"},"00646":{"1":"0FEE6","3":"0FEE8","2":"0FEE7"},"00647":{"1":"0FEEA","3":"0FEEC","2":"0FEEB"},"00648":{"1":"0FEEE"},"00649":{"1":"0FEF0","3":"0FBE9","2":"0FBE8"},"0064A":{"1":"0FEF2","3":"0FEF4","2":"0FEF3"},"0066E":{"1":"0E126","3":"0E128","2":"0E127"},"0066F":{"1":"0E129","3":"0E12B","2":"0E12A"},"00671":{"1":"0FB51"},"00679":{"1":"0FB67","3":"0FB69","2":"0FB68"},"0067C":{"1":"0E12C","3":"0E12E","2":"0E12D"},"0067E":{"1":"0FB57","3":"0FB59","2":"0FB58"},"00681":{"1":"0E12F","3":"0E131","2":"0E130"},"00685":{"1":"0E132","3":"0E134","2":"0E133"},"00686":{"1":"0FB7B","3":"0FB7D","2":"0FB7C"},"00688":{"1":"0FB89"},"00689":{"1":"0E135"},"00691":{"1":"0FB8D"},"00693":{"1":"0E136"},"00695":{"1":"0E137"},"00696":{"1":"0E138"},"00698":{"1":"0FB8B"},"0069A":{"1":"0E139","3":"0E13B","2":"0E13A"},"006A0":{"1":"0E13C","3":"0E13E","2":"0E13D"},"006A1":{"1":"0E13F","3":"0E141","2":"0E140"},"006A4":{"1":"0FB6B","3":"0FB6D","2":"0FB6C"},"006A9":{"1":"0FB8F","3":"0FB91","2":"0FB90"},"006AA":{"1":"0E142","3":"0E144","2":"0E143"},"006AB":{"1":"0E145","3":"0E147","2":"0E146"},"006AC":{"1":"0E148","3":"0E14A","2":"0E149"},"006AD":{"1":"0FBD4","3":"0FBD6","2":"0FBD5"},"006AF":{"1":"0FB93","3":"0FB95","2":"0FB94"},"006B5":{"1":"0E14B","3":"0E14D","2":"0E14C"},"006BA":{"1":"0FB9F","3":"0E14F","2":"0E14E"},"006BC":{"1":"0E150","3":"0E153","2":"0E151"},"006BD":{"1":"0E155","3":"0FB59","2":"0FB58"},"006BE":{"1":"0FBAB","3":"0FBAD","2":"0FBAC"},"006C0":{"1":"0FBA5"},"006C1":{"1":"0FBA7","3":"0FBA9","2":"0FBA8"},"006C2":{"1":"0E156","3":"0E158","2":"0E157"},"006C3":{"1":"0E159"},"006C6":{"1":"0FBDA"},"006C7":{"1":"0FBD8"},"006C8":{"1":"0FBDC"},"006C9":{"1":"0FBE3"},"006CA":{"1":"0E15A"},"006CB":{"1":"0FBDF"},"006CC":{"1":"0FBFD","3":"0FBFF","2":"0FBFE"},"006CD":{"1":"0E15B"},"006CE":{"1":"0E15C","3":"0E162","2":"0E15D"},"006CF":{"1":"0E167"},"006D0":{"1":"0E169","3":"0E16C","2":"0E16A"},"006D2":{"1":"0FBAF"},"006D3":{"1":"0FBB1"},"006D5":{"1":"0E16E"},"00762":{"1":"0E17D","3":"0E17F","2":"0E17E"},"00763":{"1":"0E180","3":"0E182","2":"0E181"}},"finals":"0FE82 0FE84 0FE86 0FE88 0FE8A 0FE90 0FE96 0FE9A 0FE9E 0FEA6 0FEAC 0FEB0 0FEB2 0FEB6 0FEBA 0FEBE 0FEC6 0FECE 0E109 0FEE2 0FEE6 0FEEA 0E126 0E129 0FB51 0FB67 0E12C 0FB57 0E12F 0E132 0FB7B 0FB89 0E135 0FB8D 0E136 0E137 0E138 0FB8B 0E139 0E13C 0E13F 0FB6B 0FB8F 0E142 0E145 0E148 0FBD4 0E14B 0FB9F 0E150 0E155 0FBAB 0FBA5 0FBA7 0E156 0E159 0FBDA 0FBD8 0FBDC 0FBE3 0E15A 0FBDF 0FBFD 0E15B 0E15C 0E167 0E169 0FBAF 0FBB1 0E16E 0E17D 0E180 ","rphf":[],"half":[],"pref":[],"blwf":[],"pstf":[]}